Name,Phone Number
The Vape Store CBD & More,(623) 440-5276
VapeJuiceDepot,(424) 777-9098
Mi-Pod (Mi-One Brands),(800) 768-9982
LA VAPOR INC | Wholesale | Electronic Cigarettes,(626) 940-5677
Vapor Devils - Vape and CBD,(626) 859-7777
La Isla Vapor & Smoke Shop,(787) 940-0010
HALAL SMOKE SHOP,(787) 819-4419
Convenience Smoke Shop,(787) 237-0441
SMOKE CITY,(787) 891-5203
Green Vape Smoke Shop Barceloneta,(939) 282-0695
VaporIce Vape & Smoke Shop,(602) 368-2792
Got Vape,(888) 827-3101
Vapor Geeks,(520) 227-4001
Vape Wholesale USA,(800) 500-8486
Cloud Smoke Shop,(787) 254-6660
Fallen Forge Vapes,(928) 643-7605
Sweet Dreams Smoke and Vape Shop,(760) 544-7039
Superb Vapors,(520) 590-1020
Surprise Smoke And Vape,(480) 534-4288
Jackrabbit Smoke and Vape Shop,(623) 266-2400
Smoke & Vape Plug,(909) 360-2450
Big Mo's Smoke Shop,(909) 256-3283
LA Vapor,(626) 872-1936
Huff and Puffers,(657) 233-5688
Vape Life High Society,(209) 288-7670
Quick Clouds Vape and Delivery,(720) 701-0586
Vapor Forrest,(805) 874-1068
Syndicate Vapes,(760) 547-1336
Vapor Etc,(602) 264-4223
Vaporice Vape & Smoke Shop,(602) 298-8273
N2 Vapes,(303) 400-3357
EightCig.com,(702) 415-5263
THE VAPE SITE - ROSEMEAD,(626) 416-8257
The Vape Lounge & Smoke Shop,(760) 294-8870
Fumarola vape shop,(939) 900-1108
Humo Smoke Shop,(787) 408-0632
Smoke It and More - Dorado,(787) 603-3679
NEXT ROUND BAR,(787) 566-3999
Rastafari smoke shop,(939) 244-2611
True Smoke Planet,(787) 991-7731
Sweet & Sour Smoke Shop,(787) 202-7755
The Vape Zone Smokeless,(520) 578-4217
Vapenado Smoke Shop,(928) 925-4949
"A Vape Escape, LLC aka Vaporium Sedona",(928) 379-0948
Gravitate Smoke & Vape,(602) 535-8388
I vapor & tobacco,(912) 826-2123
Bwell Cannabis Dispensary Rincon,(787) 420-4206
Smoke City 2,(787) 832-6925
Vape Central,(602) 842-2602
AZ Vapes & CBD,(602) 283-5853
Highly Social Smoke & Vape,(480) 558-4173
Select Vape,(949) 932-0536
Jvapes Vape & Smoke Shop,(623) 440-6956
Sky Vape,(602) 599-2349
El Zodiaco Vape Store,(787) 834-3571
First Medical Cannabis Mayaguez 2,(787) 379-4589
Weeds Dispensary,(787) 476-1860
La Isla Vapor & Smoke Shop 2 San Sebastian,(787) 280-1010
Ohms 2 Vapor,(702) 655-7888
Vanity Vapor,(623) 882-3810
Vape & Glass,(928) 575-1197
Natural Products & Cachimbo Vape Shop,(787) 267-7774
Trx Vape & Cigar,(214) 377-8500
Vapor World Distributors PR,(787) 833-8880
Aroma Avenue Vape Shop,(760) 295-5455
Cloud 970 Vapor,(970) 565-7435
Elite Vapes,(303) 254-4044
Sheldon Tobacco &vape,(916) 585-5792
Vape Three,(626) 453-0331
Vape Street,(562) 924-8787
Kure CBD & Vape,(480) 983-2600
"The Vape Shoppe, Parker",(928) 575-1501
Smoke City,(787) 987-8080
Local Hustle Smoke & Vape Shop,(787) 987-8765
Smoke It and More Ponce,(787) 598-8963
Club Vapor USA,(949) 206-0522
Vape58,(858) 366-0777
E-Cig Vault,(949) 273-4447
Vape Smoke Universe #1,(858) 536-8611
Smoking Section Smoke-Vape-CBD,(858) 549-7777
oceanside smoke shop,(442) 216-3008
KMG Imports | Wholesale Vape Supplier,(949) 916-9188
Vape N Smoke #640,(531) 272-9000
Vapetricity,(847) 543-4000
Vape702 wholesale USA,(702) 683-0901
Vape N Smoke #5518,(531) 777-1986
Doux Vape & Smoke,(323) 646-2578
TruVape,(702) 478-4659
Primo Vapors LLC,(520) 452-8273
Genki Vape,(562) 425-4350
De Vapors Vape Shop,(928) 276-3535
Exit 1 Vapes,(928) 216-2898
Big Cloud Vape & Smoke Co,(928) 294-1078
Red Star Vapor,(928) 503-5133
Green Vape & Smoke Shop Outlet,(787) 216-4323
Happy Vapes Smoke shop,(939) 900-1115
Gravity Vape inc #3,(939) 333-2045
Vapor Etc Maricopa,(520) 374-0101
Route 66 Vapor,(505) 750-8998
Vape Pirates Usa,(714) 249-0203
Vape Pirates,(702) 331-1104
Route 66 Vapor,(505) 717-1639
Vape Pirates 2,(702) 331-1104
VaporIce Vape & Smoke Shop,(623) 322-2452
Red Star Vapor & CBD,(480) 376-3450
Waves Smoke & Vapes,(480) 396-9465
Red Star Vapor & CBD,(480) 522-6977
Red Star Vapor & CBD,(480) 468-7440
Red Star Vapor & CBD,(480) 255-5586
"Vape A Hookah Smoke, Vape & CBD Shop",(480) 265-8945
Gravity Vape,(787) 399-2580
Goods Forever 1,(787) 550-9456
GRAVITY VAPE #4,(939) 226-6176
Fabricated Lifestyles Smoke Shop,(787) 993-1779
A Puff Above Smoke Shop Glass and Vape - Mesa,(480) 550-5177
Vape City,(956) 317-1102
HAPPY VAPES SMOKESHOP,(939) 257-0482
Puff Shack Smoke Shop,(787) 773-1361
Happy Vapes Lounge,(787) 456-5965
New Tech Vaping,(787) 745-4600
Oasis Vape & Smoke Shop,(787) 694-0796
WECAN - The Wellness Cannabis Center,(787) 991-5300
Green vape & smoke shop plaza cayey,(787) 368-0565
One to Seven Plus,(787) 263-8941
VAPOR 42,(276) 582-0088
VAPOR 42,(423) 497-0001
VV vape store,(310) 309-1446
PLATINUM SMOKE & VAPE,(951) 405-8114
Venice Vapor Lab / Electronic Cigarettes,(310) 751-6598
RASTAFARI SMOKE SHOP 2,(939) 244-2611
Mi-Pod Wholesale,(800) 775-8970
TOBACCO AND VAPE,(951) 296-5550
Vape Aura,(858) 366-0777
RUTHLESS VAPOR,(855) 788-4537
Natural Vape Shop,(787) 559-3010
Crown 7,(480) 348-7899
Natural Vape Shop,(787) 716-3332
Tribal rootswear and smokeshop.,(787) 912-1125
760Vapor,(442) 800-5149
Smoke & Vape Plug,(909) 328-1100
Vape and Cigar,(661) 266-2272
Western Tobacco Vape & Cigar,(424) 342-9114
Red Star Vapor & CBD,(623) 204-7375
3Kingz Vape & Smoke Shop,(787) 930-5810
Vapetown Smoke Shop,(787) 619-2863
Pipa Landia Smoke Shop,(787) 359-5503
AH Smoke Shop,(939) 273-9119
Gray Clouds Vape Shop,(787) 719-5999
VaporizadoresPR,(939) 239-7325
AH SMOKE SHOP GUAYAMA,(787) 617-1148
Weedco Dispensary,(787) 229-6000
Cachimbo Vape Shop,(787) 210-5747
Pali Smoke Shop,(787) 712-2936
High Society Smoke & Vape Shop VSJ,(787) 725-3281
GREEN CAMEL / LA PERLA Smoke Shop & Tattoo Studio,(787) 649-3774
Vape Euphoria,(657) 205-8273
Red Star Vapor & CBD,(480) 527-5599
HQ Vape & Smoke,(480) 966-6093
JuiceRack.com,(480) 389-4132
Pro Source Vape and Smoke Shop,(480) 590-5207
The V Smoke & Vape shop,(602) 327-4682
Vapor Gorilla,(888) 263-3030
VAPE 88 Smoke shop,(787) 715-7009
Cloud Slingers Smoke & Vape Shop,(480) 534-8858
Cloud Slingers Tempe Vape Shop,(480) 471-8689
High Society Smoke Shop LOIZA ST.,(787) 675-5367
Old Pueblo Vapor (OPV Lounge),(520) 881-0169
La Esquina del Vape,(787) 268-1814
Blunt del Caribe,(787) 205-2574
KRAKEN Vape Boutique,(787) 675-9639
Vapor Krew Carolina,(787) 980-9044
Puff Dragon Vape Lounge,(787) 963-1663
Red Star Vapor & CBD,(480) 430-7042
Red Star Vapor & CBD,(480) 370-3074
Vaporice CBD & Vape Shop,(623) 243-5387
"A1 Smoke Shop CBD, Vapes, Dab Accessories",(480) 219-1399
Oracle Vapory,(480) 699-0228
Red Star Vapor & CBD,(480) 479-3464
The Vape Lab 2,(480) 590-3877
Condado Market,(787) 985-9222
WOOPS Smoke & Vape Shop by HIGH SOCIETY,(787) 718-6899
Gorilla Vapes Santurce,(787) 722-2266
3Kingz Vape & Smoke Shop,(787) 930-5810
"Fabricated Lifestyles Smoke Shop Pda 19 - CBD, Disposable Vape, and Juul",(939) 355-0215
Smoke It and More - Condado,(787) 722-4940
Smoke & vape Shop ( cigars ),(480) 504-4860
Haus of Vapors Paradise Valley,(602) 601-5815
Cream Smoke & Vapor Shop,(602) 737-7352
Smoking Vapor Plus Phoenix,(602) 595-3695
Vape Up Smoke & Grill,(602) 612-3004
Hi-Sky Vape & Smoke,(480) 465-0532
Haus of Vapors Phoenix,(602) 374-7666
Mountain Ridge Vape Smoke Cigar,(480) 350-7548
AH Smoke & Vape,(480) 427-2661
UH SMOKE VAPE & GIFT SHOP,(602) 374-5464
Discount Vape Shop,(480) 470-1600
9 vape and smoke shop -phx,(602) 761-5961
Smoke Zone & Vape,(602) 687-7238
Taiga Smoke & Vape Shop,(480) 256-1657
Ohm Made Wick 'n Wire,(480) 490-9456
Marea Smoke Shop,(787) 751-6479
Tierra Pura Dispensary,(787) 296-8886
Thunderball Smoke & Vape Shop,(787) 775-6038
Condom World Vega Baja,(787) 855-6956
Mundo vaping pr,(939) 338-1252
The Popis Vape,(787) 639-2403
Cannabea Dispensary,(939) 333-0223
The Bloom Room,(939) 239-9334
Puff Dragon Smoke Shop & Vape Lounge,(787) 963-1663
PR Vapes,(939) 262-2222
Vape It,(787) 998-1889
GRAVITY VAPE,(787) 690-7875
Melaza Smoke Shop,(787) 638-9121
Vapor Krew Guaynabo,(787) 980-9168
Chillums Gallery,(787) 506-4446
Puff Shack | Av. Domenech,(787) 586-2449
Happy Vapes Bayamon,(939) 900-1118
Local Hustle Smoke and Vape Shop #2,(787) 920-9991
Circus Puerto Rico,(939) 625-1746
Vapor Krew Hato Rey,(787) 680-0465
Puff Shack,(787) 469-8691
Green Vape & Smoke Shop,(939) 499-0565
Green Vape Smoke Shop Plaza Carolina,(939) 262-1306
Haze Smoke Shop,(787) 428-0110
The Smokers Edge Smoke and Vape Shop,(520) 233-2008
Red Star Vapor & CBD,(480) 455-9880
Red Star Vapor & CBD,(480) 280-2966
Red Star Vapor,(520) 445-0277
Arizona smokers,(623) 440-7987
Smoke Up P.R.,(787) 784-6493
Club Vapor,(520) 572-5971
Vape Central Chandler,(480) 243-7186
Smoking Vapor Plus Mesa,(480) 629-5644
El Segundo Vapery,(424) 362-7242
Aroma Avenue Vape 1,(760) 231-5983
"Sensewave, LLC",(939) 229-1420
CannaLabs: Rexville,(787) 507-5008
The Dispensary,(787) 474-0404
Zillion Vapor,(626) 502-1263
Race Street Vapes,(408) 931-6343
GREAT VAPE,(669) 214-2807
"Liquid Nicotine Wholesalers | Liquid Nicotine, Nicotine Salts, Synthetic Nicotine",(480) 263-9340
Vape 44,(480) 547-1144
Vape A Hookah Smoke & Vape Shop,(480) 813-6472
Smoke It And More - Isla Verde,(787) 727-0144
88 Smoke & Vape Glendale,(623) 600-8639
Liquid Vape & Smoke,(623) 533-3711
Vape Nation Smoke and Vape Shop,(480) 572-1829
Cloud Monkey Vapes,(480) 687-2940
Magic Vapor Mesa,(480) 685-0000
Red Star Vapor & CBD,(480) 280-4838
Vape Land,(480) 758-4637
The Joint Smoke & Vape,(602) 257-2291
Phoenix Vape Supply,(602) 682-7830
Fiesta Vape Shop LLC,(808) 491-5142
VapeSky,(480) 994-3333
Carefree Smoke & Vape Shop,(480) 590-4648
"Online Vape Store, Juice, Eliquid, Battery, Mods, Open And Closed System Pod , Nicotine Salt Retailer",(213) 221-7418
Prescott Vape Co.,(928) 499-0797
Payson Smoke & Vape,(928) 595-2383
Mile High Vapors,(928) 925-1244
The Vape Lab AZ,(480) 786-9880
Jvapes Vape & Smoke Shop,(928) 237-5852
Tobacco Shop,(787) 433-1900
Buddies Cannabis Dispensary,(787) 420-7727
Farma Verde Dispensary Cupey,(787) 773-1469
Sacred Glass,(787) 568-5145
Don Carlos Smoke Shop,(939) 355-0145
IGNITE SMOKE SHOP & VAPE SHOP,(480) 504-3469
Smoking Vapor Plus Chandler,(480) 940-5342
Smoke & Vape,(602) 277-0818
Red Star Vapor & CBD,(480) 430-5497
Cloud Slingers Smoke & Vape Shop,(520) 472-2197
Red Star Vapor & CBD,(520) 406-5190
GK's Vapor Pub,(623) 935-5358
Skywater Smoke Shop Tempe,(602) 691-9402
Vape N Vapor Smoke Shop & Vape Store,(469) 729-9920
"Infinity & Beyond Smoke Shop, Vape Store in Dallas",(214) 484-7811
The Peace Cloud Vapor-Smoke-CBD-Delta-Disposable Vapes,(972) 810-0192
Traci's Vapor Emporium,(432) 538-1583
Vape City,(682) 259-7177
Tobacco N Vape,(469) 547-2380
G7 Tobacco & Vape,(469) 814-0889
Smokie Vapes,(817) 349-8847
Smoke & Vape Zone,(469) 660-0165
VIBES VAPOR & SMOKE SHOP - ELF BAR - THC P - DELTA - PULSE - OPMS - MODUS - HIDDEN HILLS - LOST MARY - EB - GEEK BAR - 7OHMZ,(214) 513-9747
GP SMOKE SHOP,(214) 412-3541
20 After 4 Smoke & Vape,(575) 218-8884
VaporScape,(972) 246-8273
The 9th Cloud Smoke & Vape,(682) 385-9616
The Zebra's Head House Of Glass,(469) 671-0033
Smokin' Dragon Gifts and Vapes,(817) 557-3343
The Gas Pipe Smoke Shop,(214) 526-5982
Vape Girl Inc,(972) 551-0707
Smoke King 9 #1,(769) 242-0921
Pass Smoke & Vape Shop,(985) 790-1477
Ez pass Tobacco and vape,(228) 332-7764
SMOKEEZ & VAPES # 2,(228) 206-1502
ESmokeVapors Vape Shop,(228) 206-0553
Vape Plus,(769) 355-2096
Bwell Cannabis Dispensary Carolina,(787) 420-4206
Kaya Dispensary,(787) 710-7995
Frontiers Cannabis & Wellness - Carolina,(787) 719-7848
My CBD Spot,(787) 719-7850
Smoke It And More,(787) 723-1039
UpLeaf Super Dispensary,(787) 710-0420
El Búnker Multiservices & Vape Shop,(939) 440-4130
Gorilla Vapes of Beachwood,(848) 223-7650
Le Vapeur Express,(450) 375-0442
CannaLabs: Medical Cannabis Dispensary,(787) 507-5008
Turf Cannabis Collection,(939) 440-4042
Bwell Cannabis Dispensary Sta Maria,(787) 395-7172
Inhala y Exhala,(939) 399-3273
Pareo Store y Smokeshop,(787) 985-1850
Casita Verde Healing Center,(787) 979-2293
Inhale Natural’s-Dispensario Cannabis Medicinal,(787) 985-0700
Bwell Cannabis Dispensary Torrimar,(787) 420-4206
BUDS Cannabis Dispensary,(787) 230-7811
